vehicle_id,sequence,job_id,name,area_id,latitude,longitude,weight
1,1,8612,sri Sai Balaji provision store,5089,13.0063949,77.5147448,31.04
1,2,10458,veerabhadreshwara provision store,5089,12.9955387,77.4978052,90.0
1,3,5464,Sri Krishna Provision Store,5080,12.982892,77.4788096,56.0
1,4,5281,Mahalakshmi provision store,5080,12.9878176,77.4675202,2050.0
1,5,5104,Lakshmi devi Provision store,5080,12.9894736,77.4603374,129.7
2,1,10392,Maruthi Meghana dose corner,5089,12.9927882,77.5087377,312.0
2,2,5391,mangalam store,5080,12.9880494,77.5047719,300.0
2,3,5181,sri raghavendra swamy provision store,5078,12.9847886,77.5142549,424.0
2,4,5436,Shree bhairaveshwara rice traders,5078,12.9685621,77.5023401,283.22999999999996
2,5,5435,shree Annapoorneshwari rice traders 2,5078,12.9679398,77.5019798,224.0
2,6,9881,sri Nanjundeshwara provision store,5078,12.9620422,77.5034958,308.0
2,7,10321,devraj,5078,12.9470689,77.4977737,345.7
3,1,6605,Karnataka rice traders,5086,13.056961,77.577954,286.0
3,2,6775,Girish provision stores,5084,13.0636789,77.571327,380.0199999999999
3,3,6993,Byraveshwara Rice Traders,5086,13.0707972,77.565613,348.0
3,4,10406,MAHESHWARI RICE TRADERS,5084,13.0760834,77.5574445,36.0
3,5,9298,N P STORE,5086,13.0822025,77.5467204,55.0
3,6,7814,SRI RAGAVENDRA IYENGAR CAKE HOUSE,5084,13.0936755,77.5500803,29.619999999999997
3,7,6701,Buy N Save,5084,13.093337,77.547433,36.9
3,8,6709,CHAYAPUTHARA GENERAL STORE,5084,13.097639,77.54295,38.61
4,1,10903,Sri Ayyappa General Stores,5087,12.9571058,77.5902234,340.0
4,2,10710,AB Traders,5087,12.9498762,77.6008124,172.0
4,3,10611,Jai Hanuman Rice Corner,5087,12.9429843,77.5997561,356.0
4,4,9352,m r departmental Store,5087,12.9343996,77.5926522,168.15
4,5,9332,BALAJI RICE CORNER,5087,12.9313528,77.5725474,24.5
4,6,9490,fazal store,5082,12.9181573,77.5884042,78.0
4,7,10788,SOUBHAGYA STORE,5082,12.9041912,77.5786627,150.0
5,1,7544,Nandini Stores,5081,12.989519366432251,77.56086811423302,342.0
5,2,7514,Asharaf / M M Provision Store,5081,12.9844791,77.5618228,218.0
5,3,7363,H M S GENERAL STORE,5087,12.9651251,77.565533,151.0
5,4,9675,mataji stor,5142,12.8598549,77.5632177,546.9
5,5,9947,Venkateshwara tredars,5142,12.869423470809936,77.54331674426794,250.70000000000002
5,6,10134,mayank provision store,5142,12.8477177,77.5152785,980.0
6,1,5865,Balaji department store,5089,13.0286308,77.5069117,238.0
6,2,10418,Sri Sai provision Store,5089,13.0103953,77.4958492,52.0
6,3,6559,kabbalamma pravision store,5089,13.004001,77.490671,83.34
6,4,6032,Sri Lakshmi venkateshwara provision Stores,5089,13.0029208,77.4796357,242.51999999999998
6,5,6447,AMBIKA PROVISION STORE,5080,12.99923,77.470841,133.0
6,6,5313,Sri Hemagiri Provision store,5080,12.9898447,77.4590612,126.25000000000001
6,7,5027,SRINIVASA PROVISION STORE,5080,12.9924433,77.4518814,350.14
6,8,5060,Durga Store,5080,12.9962909,77.4521481,82.63
6,9,6330,Krishna Provision Store,5080,12.9971982,77.4516165,1142.0
7,1,7081,Grocery world,5078,12.9772843,77.4996562,106.0
7,2,5151,Srinivasa departmental store,5078,12.971301,77.4967783,280.0
7,3,6208,Surupika Provision Store,5078,12.9662357,77.489358,543.8
7,4,5030,Sri Ragavendra Swamy Provision  Store,5078,12.9737483,77.48972,353.0
7,5,5031,Sri MS Rice corner,5078,12.9742155,77.4888667,580.0
7,6,8014,Lakshmi Venkateshwara Provision store 3,5080,12.9732207,77.4489434,520.0
7,7,6481,Sri Pooja provision store,5080,12.966191,77.437138,100.60000000000001
8,1,9841,Sri vari green house fruit and vegetablesa& grocery,5079,12.9134809,77.5057058,825.2
8,2,9316,Sri Byraveshwara Rice Traders,5143,12.9106515,77.4864491,303.0
8,3,8068,P.M Provision store,5143,12.910996510551078,77.48332612216473,120.0
8,4,8269,Happy Home Super Mart,5143,12.900569745957673,77.48752914369106,90.0
8,5,7744,Sri Gangaparameshwari grandige and provision store,5143,12.900181164507234,77.48781647533178,142.0
8,6,9568,Poorvika condiments & Provision Store,5143,12.877884272146163,77.5166991725564,358.0
8,7,10451,Sri Venkateshwara provision stores,5143,12.8698003,77.4798335,157.0
8,8,9226,V Mart,5143,12.8747386,77.4793536,90.0
8,9,9931,MN Fazil Store,5143,12.892317244362323,77.4579755589366,260.0
8,10,9752,Vandana provision store,5143,12.8962062,77.4539424,92.08
8,11,10893,Nishmika Catering Service,5143,12.911473964582527,77.44200501590967,53.2
8,12,9972,near by store,5143,12.8732092,77.4352359,130.0
9,1,9933,BHUVANESHWARI Traders,5081,12.975596,77.536949,116.0
9,2,9612,Sri nanjundeshwara rice traders,5088,12.9764986,77.5236102,110.0
9,3,6140,Bharath Provision Store,5088,12.9706738,77.523911,252.5
9,4,6238,Siddlingeshwara Provision Store,5088,12.9674262,77.52385,120.0
9,5,7133,Sree Veerabhadreshwara Rice Corner,5088,12.9618028,77.5210581,50.0
9,6,6233,BSVR PROVISION STORE,5088,12.9584258,77.5165036,128.0
9,7,9111,KANARAM MATAJI PROVISION STORES,5079,12.9444297,77.5247897,520.0
9,8,9375,Amit store,5088,12.949297122219571,77.52927169203758,105.0
9,9,6546,vijilakshmi provision store,5088,12.957052,77.532434,142.0
9,10,7229,sri lakshmi vekateshwara rice traders,5088,12.9568581,77.5330915,100.0
9,11,6544,mallu fruits and veg,5088,12.956813,77.539994,128.0
9,12,6557,M B S Store,1111,12.957228,77.541771,140.0
9,13,6537,Manjunateshwara provision store,5088,12.958022,77.540962,34.85
9,14,6526,sangam ricecorner,5088,12.958068,77.540896,312.0
9,15,8848,s k taredes store,5087,12.9607833,77.5427972,120.0
9,16,6800,Bismillah store,5087,12.961127,77.5426513,260.0
10,1,6448,sri lakshmi channakeshava traders,5090,13.027704018541256,77.55711570382118,154.0
10,2,8102,sri Ranganath Store,5090,12.9957747,77.5769547,112.32
10,3,8037,new provision store,5090,12.993593,77.5930732,87.6
10,4,7731,M M STORES,5090,13.0184034,77.5879622,70.0
10,5,8811,sri ragavedra general store,5090,13.031910536633426,77.60709296911955,300.0
10,6,8395,Welcome provision store,5090,13.0384297,77.6022004,130.0
10,7,8872,sri Balaji rice traders,5090,13.0376091,77.596684,100.0
10,8,8078,R. R. M. store,5076,13.0662486,77.6009702,193.14
10,9,10260,Sri Ranganatha Provision Store,5076,13.077185,77.6071092,161.0
10,10,8206,JAI HANUMAN PROVISION STORES,5076,13.0831292,77.6184133,368.0
10,11,8171,BYRAVESHWARA TRADERS,5076,13.0893955,77.6191701,182.0
10,12,8082,MAHADEV PROVISION STORE,5076,13.098269,77.6261763,200.0
10,13,10759,sri annapoorna rice Traders,5076,13.119656841831286,77.62836791574955,192.0
10,14,8716,sri sarveshwara Rice Traders,5076,13.1169547,77.6254395,200.0
10,15,7347,kavyashree rice traders,5084,13.1023908,77.5949147,54.9
10,16,10819,BRAHMA CHAITANYA STORES,5084,13.1018141,77.5957036,51.8
10,17,7743,Sri Ganesh provision store,5076,13.0931983,77.6010384,100.0
11,1,6274,rajlaxmi supar markeat,5075,13.0751357,77.5242397,352.0
11,2,7000,Sree Kaveri Provision Store,5075,13.089670895200975,77.50102635473013,332.0
11,3,8387,excellent provision store,1111,13.1385638,77.4780646,103.0
11,4,10738,Shri Mahadev Super Bazar,1111,13.1384152,77.4741277,120.0
11,5,7816,Lucky Super Mart,5075,13.075458394797538,77.47355751693249,61.35
11,6,6776,Sri Basaweshra rice corner,5075,13.065835753603483,77.50342190265656,400.0
11,7,6711,A M Store,5083,13.052655941149709,77.49362614005804,208.0
11,8,5999,Ramdev Provision  Stores,5089,13.0228992,77.4578275,260.0
11,9,6498,Devi provision store,5080,12.978234,77.430962,676.0
11,10,9078,Ramdev provision Stores,5080,12.9698885,77.4424083,156.0
12,1,10561,MR Hoskote Dum Biriyani,5080,12.9845883,77.4863507,69.0
12,2,5188,Likitha Provision Store,5078,12.9788055,77.4739377,150.10999999999996
12,3,5063,Sri Nanjundeshwara traders,5080,12.9909429,77.4650765,314.0
12,4,9522,Hare Krishna provision store,5080,12.9907776,77.4610099,315.0
12,5,6130,Mahalakshmi Provision stores,5080,12.9891123,77.4492243,740.0
12,6,8013,Halli Masala,5080,12.987246,77.4479156,408.25
12,7,6499,Mataji Rice Traders,5080,12.983531,77.44352,138.60000000000002
12,8,6497,Padmavati provision store,5080,12.974581,77.422102,300.0
12,9,5332,S.M Provision Store,5080,12.9651652,77.4006177,111.95
12,10,5317,SKStores,5080,12.9651562,77.4006735,195.0
12,11,5404,SRS provision  store,1111,12.949799335903611,77.42359433323145,23.12
13,1,6097,Chikpet Donne Biriyani,5078,12.9797393,77.5104579,117.75
13,2,5770,Lakshmi traders,5078,12.9528886,77.4994129,104.0
13,3,8122,Green zone,5078,12.9476824,77.4968326,79.9
13,4,5967,Sri Lakshmi Venkateshwara provision genaral store,5078,12.9453942,77.4963396,114.0
13,5,9859,Asha Hotel,5078,12.950953737365788,77.48710568994284,288.0
13,6,9604,Raghavendra Traders,5078,12.9515664,77.4819691,82.0
13,7,6343,Sunrise Provision Store,5078,12.9583838,77.481419,40.0
13,8,9344,J. R RAJANNA PROVISION STORE,5078,12.9576009,77.4752073,67.25999999999999
13,9,7163,Sri Ramanjaneya provision store,5078,12.9597699,77.4670872,65.57
13,10,6695,MAMATHA KIRANA STORE,5078,12.955489,77.467113,426.0
13,11,6660,ramdev provision store,5078,12.953347,77.470108,400.0
13,12,9630,Sri Ranganatha Enterprises,5078,12.9492283,77.469649,158.0
13,13,9147,Indian rice traders,5078,12.9385257,77.4772987,676.0
13,14,5744,Nanjundeshwara provision store,5078,12.9377891,77.4811951,250.0
13,15,8686,chinmay Bakery and sweets,5078,12.9320447,77.4878552,90.0
13,16,9527,mathaji provision store,5078,12.9179088,77.4767456,236.0
14,1,10960,kumaraswamy store,5142,12.9000454,77.5760772,64.1
14,2,10898,p k m Store,5142,12.896779,77.5745981,59.4
14,3,10917,Sri Ganesha provision stores,5142,12.8964107,77.5739735,60.0
14,4,10200,pooja provisional store,5142,12.8824044,77.5661055,78.0
14,5,9711,K .J. STORE,5142,12.8722993,77.5662314,130.0
14,6,9636,janapriya store,5142,12.8715447,77.5663597,530.0
14,7,9655,sri adi bhairaweshwara provision store,5142,12.862053,77.5633587,60.0
14,8,10136,SRI S.L.V STORES,5142,12.8613229,77.5653726,182.0
14,9,9971,S L V T STORE,5142,12.8609096,77.5659724,234.0
14,10,10262,mathaji provision store,5142,12.8666249,77.5754078,26.0
14,11,10664,sri raitamitra rice traders,5142,12.8686203,77.5818218,230.0
14,12,10494,sree Vasudev provision store,5142,12.8646947,77.5768496,52.0
14,13,10527,Ashwini provision store,5142,12.8561864,77.5766675,5.0
14,14,10003,vaibhav traders,5142,12.8026368,77.5085631,234.0
14,15,10006,Sri nidhi traders,5142,12.8040038,77.5064608,376.0
14,16,10084,kaveri provison store,5142,12.779567,77.497513,375.0
14,17,9992,mount Carmel Enterprises,5142,12.7720591,77.5306712,389.72
15,1,8203,BYRAVESHWARA RICE TRADERS,5076,13.0574164,77.5985046,363.0
15,2,8260,SRI CHOWDESHWARI PROVISION STORE,5076,13.0583405,77.6031705,89.6
15,3,8452,Shankar store,5076,13.0659172,77.6197907,57.2
15,4,8289,SLV RICE TRADERS,5076,13.069959,77.6314176,244.0
15,5,8372,WELCOME STORE,5076,13.0716935,77.6356984,84.0
15,6,10025,NEW UDUPI CAFE VEG,5076,13.0698603,77.642179,100.0
15,7,9703,LAKSHMI PROVISION STORE,5076,13.077562,77.6532573,546.0
15,8,8314,MANJU STORE,5076,13.090799,77.6330439,234.0
15,9,8066,Yashode Provisions,5076,13.0958875,77.6268076,158.8
15,10,8657,durga store,5076,13.0973121,77.626258,150.25
15,11,10897,prakruthi provision store,5076,13.1029272,77.6109935,233.5
15,12,7737,NARAHARI SUPER MARKET,5076,13.1043856,77.6076272,60.0
15,13,8799,nethra store,5076,13.1192676,77.619953,39.089999999999996
15,14,8886,BHANU RICE AND OIL TRADERS,5076,13.1204546,77.6197421,180.0
15,15,8854,Karni Provision Store,5076,13.1208075,77.6260591,330.0
15,16,8855,Krishna rice traders,5076,13.122302005004746,77.62927684932947,180.0
16,1,7221,srs buy and save,5079,12.9580502,77.5257321,170.0
16,2,7303,MUNIRAJU STORE,5079,12.9548678,77.5248149,104.0
16,3,6877,LJ IYENGAR BAKERY,5079,12.9501377,77.5269008,150.0
16,4,6970,LITHIKSHA PROVISION STORE,5079,12.9440696,77.5200348,320.0
16,5,8975,Lucky Enterprises,5079,12.9429303,77.5220208,190.0
16,6,9706,A B store,5079,12.941483108938167,77.52406418323517,816.0
16,7,7473,Annapurna swari stores,5079,12.9436177,77.5265208,74.5
16,8,7057,SRI DEVI PROVISION STORE,5079,12.9391879,77.5313945,82.55999999999999
16,9,10957,Ranga provisian store,5079,12.9305017,77.524245,32.440000000000005
16,10,9093,sri mahadeshwara store,5079,12.9337864,77.5048364,100.25
16,11,7174,Sri Ganga provision Store,5079,12.9172561,77.5095408,130.0
16,12,7160,Sri Bramalingeshwara Traders,5079,12.9134979,77.5105228,178.0
16,13,7190,Preetham Rice Corner,5079,12.9115057,77.5210866,236.0
16,14,10020,Suggi Fresh,5079,12.9003553,77.5231669,312.0
16,15,7368,Murdeshwara Provision Store,5079,12.898316684139507,77.52319782972336,98.0
16,16,9091,Mandya Raithara Thota,5079,12.9043011,77.5123489,37.0
16,17,10290,ANU HOTEL,5079,12.9166055,77.5003378,60.0
16,18,9051,Siddganga store,5079,12.9192464,77.490733,104.0
17,1,5386,S L N Provision store,5089,13.012389,77.520307,130.0
17,2,8583,Malikarjunswamy provision store,5089,13.0126528,77.516333,102.22
17,3,10369,Arvind provision Store,5089,13.0135068,77.5136898,112.0
17,4,6788,Krishna store,5089,13.0141744,77.5104118,116.0
17,5,5383,surya provision store,5089,13.0122093,77.5089762,172.0
17,6,5194,Shree Basaveshwara provision store,5089,13.0065095,77.5017677,55.0
17,7,10679,SRI Nanjundeswara store,5089,13.0024239,77.5007203,18.92
17,8,5093,S L V Store,5089,13.0008531,77.5015212,180.9
17,9,5078,SRI KEMPAMMADEVI RICE TRADERS,5089,12.9973001,77.5007527,90.0
17,10,7993,SRI REVANNA SIDDESHWARA WHOLESALE TRADERS -2,5089,12.9964909,77.4991257,325.58
17,11,5098,om Shakthi provision store,5089,13.0006324,77.4982464,80.0
17,12,8376,Sri balaji provision Store,5089,13.0012631,77.4978401,128.0
17,13,10391,sri veeranjaneya provision store,5089,12.9980344,77.4958575,128.0
17,14,6836,Easy buy super Mart,5089,12.9963928,77.4855098,40.6
17,15,6093,Sri Adibhyraveshwara rice traders,5089,13.0006201,77.482618,184.0
17,16,7869,sri  Venkateshwara Bakery and sweets,5089,13.0079929,77.4853285,140.0
17,17,5490,Hanuman provision store,5089,13.0084742,77.4839326,236.9
17,18,10388,Sri manjunatha provisions store,5089,13.0123231,77.4829986,245.88
17,19,5127,Ashwini provision store,5089,13.0096923,77.4780435,154.0
17,20,8079,Nandi provision store,5089,13.0246353,77.4713044,83.52
17,21,9128,Ambika provision store,5089,13.025426301914976,77.47222378849983,90.0
18,1,6106,Sri nanjundeshwara provision store,5087,12.971646447909553,77.5573118403554,91.0
18,2,7766,SRI VENKATESWARA PROVISION STORE AND RICE,5087,12.9700897,77.5599521,154.0
18,3,7457,Narayana provision Store,5087,12.9676356,77.5604076,156.0
18,4,9921,kc store,5087,12.963421781741816,77.55635563284159,130.0
18,5,9233,F F STORE,5087,12.9639961,77.5526524,201.0
18,6,9214,New Dhanalakshmi store,5087,12.957091,77.5562459,158.8
18,7,8411,GANESH TRADERS,5087,12.954315292588714,77.55115784704685,138.0
18,8,8585,Bereswara Provision Store,5087,12.9539392,77.5501137,104.0
18,9,9610,sri male Madhadesvar provision stores,5087,12.9540915,77.5485288,236.0
18,10,7232,Saleem Beauty Store,5087,12.9562881,77.5464271,228.0
18,11,6918,Lakshmi Venkateshwar Pravision Store,5082,12.9517966,77.5405422,130.0
18,12,6899,Sri Sai Upahar,5082,12.94808977939066,77.54353936761618,104.0
18,13,7165,Saleena Stores,5087,12.9458945,77.5489059,104.0
18,14,8040,Shivanna Angadi,5087,12.9438959,77.5525998,130.0
18,15,7904,K N GOWDRU PROVISION STORE,5087,12.9442566,77.5555475,274.0
18,16,8286,SRI SUDARHSAN TRADERS,5087,12.94034271435201,77.56017744541168,180.0
18,17,8025,GMMK PROVISION STORE,5087,12.9504687,77.5648185,130.0
18,18,9582,kenz mini mart,5087,12.9427021,77.5929462,130.0
19,1,5611,N.T stores,5075,13.0415232,77.5155216,152.0
19,2,6513,srinivas traders,5075,13.071579,77.525762,200.0
19,3,7114,Amber Hot Dum Biryani,5075,13.07178854973366,77.51111313700676,160.0
19,4,7058,Byraweshwara Provision Store,5075,13.0723511,77.505353,108.06
19,5,9159,Ganapathi provision store,5075,13.065209668002371,77.49622855335474,338.0
19,6,6018,NT store 2,5075,13.0625368,77.4954701,60.0
19,7,6944,Nitya Stores,5075,13.0656367,77.4940872,102.0
19,8,6753,Kamadhenu super market,5075,13.0677292,77.4842153,65.36
19,9,7115,Nanjundeshwara Rice traders,5075,13.0782768,77.4973821,136.0
19,10,6963,PV Wholesale,5075,13.080266,77.5044862,126.0
19,11,7112,Sree Raghavendra Bhavan,5075,13.080324113020575,77.50262327492237,230.0
19,12,6842,Rudreshwara Pravision Store,5075,13.0813157,77.5008096,120.0
19,13,6891,Kamadhenu super bazar,5075,13.09037300805637,77.48805955052376,80.0
19,14,9585,Mahalakshmi Traders,5075,13.0912101,77.4883162,210.0
19,15,9964,KAVERY ORIVISION STORE,5075,13.096840842875334,77.49060664325953,436.0
19,16,7386,Surya Super Market,5075,13.10143542997841,77.48122796416283,286.0
19,17,7765,Shivshakti Super Market,5075,13.104161119275014,77.48228274285793,180.0
20,1,8302,TRUE WORTH SUPER MARKET,5084,13.071376721585427,77.56229806691408,109.81
20,2,6761,Sri Durga Provision store,5084,13.1003931,77.5542396,152.96
20,3,7587,Sri SLV Mart,5084,13.108955085163183,77.56031826138496,89.45
20,4,7308,SRI LAKSHMI VENKATESWARA PROVISION STORE,5084,13.1087167,77.5631431,38.4
20,5,8243,rakesh rice traders,5084,13.1089375,77.5633451,100.0
20,6,9348,vishnu provision store,5084,13.1145706,77.5669995,62.4
20,7,7402,Kaveri department store,5084,13.1154843,77.5649499,780.0
20,8,7357,krishna rice traders,5084,13.1176529,77.5607638,115.96
20,9,9699,P PATHAANJALI STORE,5084,13.1332855,77.5719248,156.0
20,10,9883,CHIKAPETE DONNE BIRYANI ADDA,5084,13.1348528,77.5693906,40.0
20,11,9718,Madhuri provision store,5084,13.1473073,77.5615423,44.71999999999999
20,12,9721,SRI SAPTAMATHRUKA PROVISION STORE,5084,13.151352,77.562019,112.97
20,13,10117,Vihaan Mart,5084,13.142510882215742,77.5861831381917,364.0
20,14,7426,CHANDRA PROVISION STORE,5084,13.1106062,77.5912914,234.0
20,15,9970,sujatha tiffin center,5084,13.109824003931601,77.59156465530396,82.0
20,16,7454,sri chowdeshwari corner store,5084,13.1087892,77.592023,76.0
20,17,8191,NM DEPARTMENTAL STORE,5084,13.098005,77.5816967,115.0
20,18,8351,ISHWAR PROVISION STORE,5084,13.087717704683358,77.5884247943759,148.0
21,1,6258,S L N rice Traders,5086,13.043392,77.5736696,130.0
21,2,6294,Kumar provision store,5086,13.0434279,77.5736782,151.15
21,3,7036,SIDDI VINAYAKA VEGETABLE SHOP& GROCERY STORE,5086,13.0512023,77.5770311,156.28
21,4,6354,Bhyraveshwara Rice Traders,5086,13.050873,77.567882,464.0
21,5,9362,Ashritha enterprises,5086,13.0603902,77.5582592,279.0
21,6,7502,vinod store,5086,13.058400353854454,77.55152933299541,91.07000000000001
21,7,7479,SHREYAS ENTERPRISES,5086,13.0625351,77.5519979,81.39999999999999
21,8,7477,Sri  Venkateswara Provision Stores,5086,13.064923,77.5525067,155.10000000000002
21,9,9377,PAWAN PROVISION STORES,5086,13.0654407,77.5526615,280.0
21,10,6808,Pooja department store,5086,13.0760397,77.5572066,287.0
21,11,6804,Mathaji Department store,5084,13.0786483,77.5616918,53.370000000000005
21,12,7261,Jai Ganesh Provision Store,5084,13.0792714,77.5600217,120.0
21,13,10115,Sri kempamma devi provision store,5084,13.1276397,77.5291168,12.0
21,14,9284,LAKSHMI PROVISION STORE,5086,13.125551523362983,77.51999225467443,160.5
21,15,9515,LAKSHMI PROVISIONS STORE,5086,13.1066051,77.4900012,260.0
22,1,6576,Revannasiddeshwara provision store,5083,13.040315,77.504731,182.0
22,2,8052,Kalpavruksha Rice trader,5083,13.027899026434142,77.49208487570286,70.0
22,3,5701,Ranganatha swamy traders,5083,13.0358886,77.4840473,1746.9
22,4,6666,Suresh Provision store,5083,13.052799324465534,77.49390844255686,61.2
22,5,10958,Tharun provisions store,5083,13.080283617473395,77.45058909058571,5.51
22,6,10963,Sri maruthi provision store,5083,13.0707261,77.422557,60.0
22,7,10881,mathaji wholsale,5083,13.0786991,77.4242392,316.0
22,8,8508,samaya traders,5083,13.0783127,77.4211366,130.0
22,9,8316,SB SUPER MARKET,5083,13.1011557,77.4019287,80.0
22,10,10531,sri Ragavendra provision store,5083,13.0968738,77.3947264,186.0
22,11,10544,SM provison store,5083,13.1004878,77.3907151,136.0
23,1,5833,Srinivasa traders,5081,13.0104362,77.524028,290.0
23,2,5574,sri byraweshwara Stores,5089,13.0059902,77.5052107,260.0
23,3,9649,Sri Manjunath Udupi Veg,5089,12.9922721,77.5054772,76.0
23,4,5179,Shri Chowdeshwari pravision Store,5081,12.9869941,77.5181521,260.0
23,5,5581,jagannath store,5081,12.9858262,77.5238204,254.0
23,6,5586,p.k. general store,5081,12.9863868,77.5251299,260.0
23,7,6490,rajendra provision store,5081,12.980344,77.525352,112.0
23,8,9506,KRISHNA PROVISION STORE,5081,12.9832521,77.5281259,338.0
23,9,5681,nithin provision store,5081,12.9861449,77.5309157,152.0
23,10,6083,V R Mart,5081,12.9920683,77.53531,60.0
23,11,5913,Jai ganesh rice & general store,5081,13.0014093,77.5328684,70.0
23,12,5904,Pooja provision store,5081,13.0029482,77.5359627,180.0
23,13,9486,Varahi super mart,5081,12.9986679,77.5394502,330.0
23,14,9532,Sri Sai Krishna Traders,5081,12.9994616,77.5564619,128.0
23,15,10770,S R  General Store,5081,12.9918718,77.563784,50.0
23,16,7598,NEW M C M Store,5085,12.9853913,77.5679511,98.0
24,1,9784,Vivek Enterprises,5088,12.96938651329847,77.54030093550682,260.0
24,2,7183,Mamata Super Bazar,5082,12.9476446,77.5430944,130.0
24,3,7738,Mahalakshmi Super Bazar,5082,12.9471645,77.5429918,156.0
24,4,7218,Veerabhadreshwara Provision Store,5082,12.9382824,77.5358222,126.0
24,5,7223,SRI VINAYAKA PROVISION STORE,5082,12.929352,77.5353952,156.53
24,6,10641,Mahaveer provision store,5082,12.9211233,77.5451657,44.44
24,7,8406,S.L.N Rice Traders,5082,12.9166786,77.5463576,100.0
24,8,7751,S S Mart,5082,12.9162188,77.5443707,131.5
24,9,7887,Siddeshwara Store,5082,12.9133851,77.5391971,102.0
24,10,8970,Sri Ranganatha Store,5082,12.9015393,77.5447847,146.2
24,11,9482,sannidhi provision store,5082,12.887354369823914,77.54245910793543,50.4
24,12,9526,Sri Mahadeshwara provision store,5082,12.888336820890474,77.54741951823235,108.8
24,13,9365,MRK General and Home Needs,5082,12.8975826,77.5485858,130.0
24,14,8442,DEEPAK PROVISION STORE,5082,12.902633237339163,77.5571458786726,160.0
24,15,9268,shri balaji provision store,5082,12.8984534,77.5644693,206.0
24,16,10800,maasti fresh,5082,12.9050542,77.5755006,130.0
24,17,9355,swagath departmental store,5082,12.9200766,77.5707412,264.0
24,18,8656,Annapurneshwari Traders,5082,12.914977,77.5633183,174.0
24,19,8964,M S SHAKTI RICE TRADERS,5082,12.91728896121132,77.56237484514713,78.0
24,20,7719,Sri Lakshmi Stores,5082,12.9302197,77.5539666,160.0
25,1,7570,SRI CHOWDESHWARI RICE TRADERS,5084,13.0576353,77.5894742,104.0
25,2,8307,SLV RICE CORNER,5141,13.0553917,77.6080058,453.6
25,3,8806,SRI VENKATESHWARA PROVISION STORE,5141,13.0570943,77.62809,212.0
25,4,8812,SLN PROVISION STORE,5141,13.056425,77.6303825,130.0
25,5,10002,TAWAKAL RICE TRADERS,5141,13.0445352,77.6395801,888.0
25,6,10383,D  ROEL CORNER  SUPERMARKET,5141,13.0438432,77.6401146,161.2
25,7,9562,Vaishnav provision store,5141,13.033083,77.6349617,320.0
25,8,9714,Mubarak stores,5141,13.0276446,77.6411365,70.0
25,9,10525,Sri Lakshmi Ganapathi store,5141,13.0305676,77.6532057,60.0
25,10,10500,Vento Coliving,5141,13.0228045,77.6488036,115.0
25,11,10335,janatha store,5141,13.0163683,77.6350408,130.0
